M;23YHpJ0:5q7xP'WNVj/Kok?nt9LvcdyhgeFaR!6B"DUXZ.f,QSCOTwzuG8sImlribA1E4
9ughc4M6evjNlU!sa./Gw7LHrKQn8SzAVEDB2x'qkYt0:bdoCp?"Z,;TWR3mP5JIOFyXf1i
B5RSNweyP6UfWmE3LCK:7zd/2ciYAk.,n"'!u8G1Vq4sJMOZ?0FHrDIlojvXhxbag;9pQtT
Sd894NvP6e,w?DVb2T1pfQuqatz"RBijEnmkLgX/!HcJ035;l:WYIUZCFAM'yOsrxohG7K.
6rde/1J3bsgKiR9p;7"Dt4IEoHNk5PwxSBAyZu,nhVqX':alzm.!W8?QTO0jM2GFLCvUcYf
N:34ZIqK1/6r8yQ"XOWkaLpl'ou.MwdezihfGbS?7C;EVY0,g!RTDPUxAvH9tJnmsjcB2F5
,wije6O8gxlPnW'uc!bIy9NJtMSp.UBCXGFD4z;sm0v2adfqEr":1?/VYT5oR7LKQHAZh3k
I!YZUDlFW?1m3tL.SJRf'Gkg9jp5Hr:/udcaB"N82x,zQTV6b7MOyKPsvqC4oEihne;wXA0
O/450JrL2a7s9zR;YPXlbMqm"pv,NxefAjigHcT'8D:FWZ1!h?SUEQVyBwI.uKontkdC3G6
kOABwf6hyPD7F'nMult0Qi51L4.Hj!TU"YXVdRpKE/NbsvxIWJoqamr?;,eG9g328ZS:zcC
sWIJEn'pGXL"NdvUCtB8Yq?9T!/Prb12e653lZxSMhVjADFQ4RwyiuzcfamO:o,.;70gHkK
hLxytc3evMA4C,kJriqXNf2YI17Eg9QR!VUSaOmHB"K:psuFTGln;jo.?8bD6d0Z5WP'w/z
Yj'".TBV!k:CaJ1h8Z7vlWAwgzFcXHopKtsqRm3f/NiP69,dre24O05ILGSbEUyxDunM?Q;
rVHIDm?oFWK'McuTBsA7Xp!8S,:Oqa01d542kYwRLgUizCEP3Qvxhtybe/lN;n.9"6ZfGjJ
:Copk!U'mDrVt2bAi/hOE"TPzSYv;0HI3MLJ.Fdys6B8gjlwKxce7af14Z,uX?RQWNG5n9q
qUGHCl!nEVJ?LbtSArz6Wo,7R.;Np/Z0c431jXvQKfThyBDO2Puwgsxad:kM"m98'5YeFiI
H,XYTCkEV!0l2sK9RIQe?Fjf8io4Gq;:tcb/A'M71w.yPSU5a6LNxJOrupB3nDhgmd"vWzZ
cGsto;Y/qHvZx6fEmdlSIaXTDW2zb4LM7QPN'JhCw.F!knpAOBgi,ej583"y1:VU0RK9r?u
Rc783MuO5d.v!CUa1S0oePtp/sy'QAhiDmljKfW:,GbIZ24"k;VXHTYBEzL?xNrqwngF6J9
2n/a'XFZ;ocGeN5l!3,zp0EAkDJg1LstOxwuVq7jdRmT.?"hvi68S49MPKWfIYCBHyrQ:Ub
K'01WFnHY"3o5vN!ULTh;Imi,lr7JtabwfecD:P.4z?BSVX8d9OQAMRuxsE6qGkjpg/yZC2
x1NOJsauL2QbSiAZHyG?3v/'Y:eUwg67j,.8q4CXRm0oFIKV9WBDnzEhkfrTdt;"c!5lMpP
vZLMHq:sJ0O/QgyXFwE,1t;!W"cSue45h986o2AVPkYmDGIT7UzBlxCfidpRbr'?a.3jKnN
iMyzud4fwNB5D!lKsjrYOg3ZJ28Fh.RS?WVTbPnIC;L/qtvGUHmo:kp,'9cE7e106XQ"xaA
5qcd:0I2arfJhQ8o"6'Cs3HDnGMj4OvwRAzxYt.mgUpW?;/kyl9,V7!PSNZiL1FEKBuTbXe
D7TUPygAR8WhYoG5NEMa9Bfb4ek0Cm!?p:;'w.I3Xs6uLOQ1"2HJtFKnqlxZjzdci/,rSvV
C6STOxfzQ7VgXnF4MDL/8Aea3djZBl,!o;"?v9H2Wr5tKNP0'1GIsEJmpkwYiycbh:.qRuU
1m:/?WEY"nbFdM4k,2.yoZDzjCIf0KrsNwvtUp6icQlS9!'guh57R38LOJVeHXBAGxqP;Ta
Uf.,6PxR8g?y"FXd4V3rhSwscvB:TDklGpomNiZb'JeL257/naY0KW1EHCO;AQutzqjI9M!
tXJKFo"qHYM;OewVDuC9Zr'.U?aQsc23f764m0yTNiWkBEGR5SxzjvAdgbnP/p!,:81hIlL
'zlmh9R,jAoSqZ:xf"eLB!QMwPVs?XEF0JIG7Cavp3y5dgitHu/b4;cY1W8rU.ONTKD2k6n
mQCDyh8jARF9H;pOwnv2Sk73N6!Jl'VW:0ZXfTrMGbPduxzKYLqscot"/?gI,i54.1UaBeE
E8UVQzhBS9XiZpH6OFNb.Cgc5fl1Dn?'q/:"x,J4Yt7vMPR2;3IKuGLormy0kAedja!sTwW
pTFGBk,mDUI!KasRzqy5Vn.6Q9"Mo:YZb320iWuPJeSgxACN1Otvfrw/c;jL'l87?4XdEhH
.vhid5N7fwkOmV?tb,aHx8MIsLRo9TABWFEC3y"rlZu1/cepDq';0!:UXS4nQ6KJPGzYg2j
bFrsn"X:pGuYw5eDlckRH/WSCV1ya3KL6POM?IgBv9E,jmozNAfh.di472'x0;UTZQJ8q!t
/Dpql?V"nEsWu3cBjaiPF;UQATZw:1IJ4NMK,Gezt7C9hkmxLydf8bg250!vY'SRXOH6o.r
Qb672LtN4c9u,BT/0RZndOso:rx?PzghClkiJeV;.FaHY13'j"UWGSXADyK!wMqpvmfE5I8
"Amni.S!kBpTr0/yg;fMC?RNxQWt'YFG1KJH8Dbwq4z6ehjuIvac5:dZ2X9sV,POULE3l7o
A4QRMvdxO5TeVlD2KBJ;6yc:1bhXzj9.m'?,t7F0Up3rILNY!ZEGqCHkniuWgwa/f"8oPsS
4pbc;ZH1/qeIgP7n'5?Br2GCmFLi3NuvQzywXs9lfToV!":jxk8.U6,ORMYhK0EDJAtSaWd
L"12XGoIZ;4p6wO?VMUi:Jnj!ms8KubcxgfdE/Q,5A'CTWY9e.PRBNSvytF7rHlkqhaz0D3
jNzAve5gxOC6E?mLtksZPh40K39Gi,ST'XWUcQoJD:MaruwHVInp/lq!".dF8f217YR;ybB
z3PQLucwN4SdUkC1JAI"5xb;0agWyi89l?!.s6EZTo2qHKMX,YDFpBGjmhtVfv/:e'7nOrR
;Bnoj,T?lCqUs1azh:gND'SOyRXu"ZGH2LKI9Ecxr5A7fikvJwbd6/e03Y.tW!QPVMF4m8p
fJvwra1ctKy2A9iHpgoVLd0WGZ5Ce7OP.TSQ:MkFz?I"nqsDREjl'hm8,6/B4bYX3UN!u;x
y2OPKtbvM3RcTjB0IzH'4wa"Z/fVxh78k!,9r5DYSn1pGJLW.XCEoAFilgsUeu:;d?6mNqQ
nRDEzi9kBSG.I:qPxow3Tl84O7?Km"WX/10YgUsNHcQevyALZMrtdpu;a'hJ!j65,2VbCfF
0l;:!VDX'maEcL3j.19xnYCyiBHeZJqrMvusTo5hbPkR8,?ftg46Q27KNIUdGWAzFwpO"S/
Pa561KsM3b8t.AS:ZQYmcNrn;qw!OyfgBkjhIdU"9E/GX02?i'TVFRWzCxJ,vLpouleD4H7
Zk";,UCW?l/DbK2i908wmXBxhAGdYIpqLutrSn4gaOjQ7.!esf35P16JMHTcFVzyEvoN'R:
F9VWRAiCT.Yj0qI7PGOc,Dhd6gm2Eo'"ra/;y!K5Zu8wNQS3:4JLvHMpsnz1lBfekb?tUxX
!xjkf7P9hymQoX"vd?cJz.OKuNTq,VCDYHGE5A:tn1w3begrFs;/2'aWZU6pS8MLRIB0i4l
3oab"YG0:pdHfO6m?4!Aq1FBlEKh2MtuPyxvWr8keSnU,';iwj79T5.NQLXgJZDCIzsR/Vc
Te9.5OwQ7f!x'EWc3U2qgRvrbuA;SCjkFonlMhYa?IdK146:m/XZJV0DGBN"zPtsypiH8L,
eIuvq/0bsJx1z8hGofnUKcZVFY4Bd6NO9SRP;LjEy!H'mprCQDik?gl7.5:A3aXW2TM,t"w
w0MNIr/tK1PaRhzYGxF!2u:?X;dTvf56i.97p3BWQlZnEHJU8VACmyDgjeqScs"'b,4kLoO
oSEFAj.lCTH,J/rQypx4Um95P8'Ln;XYa21ZhVtOIdRfwzBM0Nsueqv:b"iK?k76!3WcDgG
7sefa2K4cthLjS.q:8;Eu5JFpIOl6QxyTCBz0v!oiWrY"/bmAn,?X9'RUP1kN3HGMDwVdZg
dHtup:ZarIw0y7gFnemTJbYUEX3Ac5MN8RQO"KiDx,G?loqBPChj!fk694;z2/WV1SL.s'v
gKwxsb2duLz3B.jIqhpWMe1XH06Df8PQ,UTR/NlGA'J;ortESFkm"in9!7aC5cZY4VO?v:y
G.WXSBjDU,Zk1rJ8QHPd!Eie7hn3Fp";sba:z?L60v9xORT4/5KMwINqtoA2mCgflc'uVyY
J?Z0VEmGX'2n4uM,TKSg"Hlh.kq6Is/avedbC;O93y!ARUW7c8NPzLQtwrD5pFjiof:xYB1
uYKLGp;rIZN:PfxWEvD.0s",V'bRtd34g875n1zUOjXlCFHS6TyAkwBehcoQaq?!/92iJmM
?yklg8Q.iznRpY;we'dKA,PLvOUr!WDEZIHF6B/uo2x4cfhsGt:a3"bX0V7qT9NMSJC1j5m
8tfgb3L5duiMkT,r/9:Fv6KGqJPm7RyzUDCA1w?pjXsZ;acnBo!'Y."SVQ2lO4IHNExWe0h
Vg,!7QyS9h'z;GYe5W4siTxtdwC/UElmHqpnOj0c"KfM368aobZ1LX2FIDP:BRvuArkJ.N?
Xi?'9SAU,j;B/I0g7Y6ukVzvfyEbWGnoJsrpQl2e:MhO58.cqd13NZ4HKFRaDTxwCtmL!P"
aEqrm'W;oFtXv4dCkbjQG:VRBU0x/2JK5ONL!HfAu8D.ilnyMzeg9ch361?wZ"TSYPI7p,s
Wh!?8RzT.i"A:HZf6X5tjUyuexDaVFmnIrqoPk1d;LgN479bpc02MY3GJEQ/CSwvBslK,O'
lPBCxg7izQE8G"oNvmu1Rj62M5,Ik?UV;ZYWeSqLFaOctwyJXKprbns':!fH.h4390T/AdD
